Longitude,Latitude,Name,Country,Price,Room_Type,Review_Rating
2.19057,41.41254,Great location in Barcelona,Spain,31.0,Entire home/apt,8.0
2.18146,41.39716,Grand apartment Sagrada Familia,Spain,169.0,Entire home/apt,9.0
2.15836,41.41582,Park Guell apartment with terrace,Spain,85.0,Entire home/apt,8.0
2.14596,41.38475,Trendy apartment in BCN centre,Spain,89.0,Entire home/apt,9.0
2.17774,41.37783,Alcam Colón 42 Apartment,Spain,91.0,Entire home/apt,8.0
2.17831,41.37724,Alcam Colon 52 Apartment,Spain,91.0,Entire home/apt,9.0
2.16622,41.3719,"Amazing NEW Food Lover Balcony, close to FIRA, MWC",Spain,84.0,Entire home/apt,9.0
2.15566,41.37479,Spacious and quiet duplex apartment in Poble Sec,Spain,130.0,Entire home/apt,10.0
2.15884,41.40462,GRACE BEAUTIFUL LOFT IN BARCELONA-At least 32 days,Spain,60.0,Entire home/apt,7.0
2.15573,41.37249,MONTJUIC FOUNTAINS APARTMENT,Spain,85.0,Entire home/apt,9.0
2.15375,41.37587,Next to Barcelona Fair and Magic Fountain,Spain,90.0,Entire home/apt,9.0
2.17877,41.37903,Apartamento en casco antiguo,Spain,55.0,Entire home/apt,9.0
2.17434,41.39137,Two bedroom apartment,Spain,155.0,Entire home/apt,10.0
2.15761,41.39922,great Terrace&lift city center,Spain,58.0,Entire home/apt,8.0
2.14733,41.39932,Penthouse. Terrace.,Spain,87.0,Entire home/apt,9.0
2.16424,41.39139,"Spacious, bright, central. AC. Rambla Catalunya",Spain,599.0,Entire home/apt,10.0
2.16963,41.39726,Renovated Modern Apartment with Cathedral Views,Spain,199.0,Entire home/apt,9.0
2.16365,41.39416,Allotja't en un elegant i lluminós pis modernista al costat de Passeig de Gràcia,Spain,255.0,Entire home/apt,10.0
2.16896,41.417,AMAZING VIEWS PENTHOUSE PARK GUELL,Spain,61.0,Entire home/apt,8.0
2.15413,41.39982,"Minimalist Rooms in BCN, live it.",Spain,115.0,Entire home/apt,10.0
2.16663,41.37513,Luminous for 6 apt @ Rnda Sant Pau ¦,Spain,527.0,Entire home/apt,9.0
2.16666,41.38432,SUNNY RAMBLAS 2,Spain,70.0,Entire home/apt,10.0
2.175,41.40604,IDEAL APARTMENT SAGRADA FAMILIA,Spain,150.0,Entire home/apt,10.0
2.17502,41.40995,Rustic Gaudí - Sagrada Família,Spain,59.0,Entire home/apt,9.0
2.15128,41.39294,Casanova Eixample 4 bedrooms apartment,Spain,420.0,Entire home/apt,9.0
2.21275,41.41111,Ático exclusivo Barcelona,Spain,805.0,Entire home/apt,9.0
2.16524,41.39478,Eliseos Luxury Apartment HUTB-001281,Spain,300.0,Entire home/apt,9.0
2.1653,41.39294,Vela Luxury Apartment HUTB-001280,Spain,295.0,Entire home/apt,9.0
2.1651,41.37144,5*Super host Apartment+terrace  8 min from Ramblas,Spain,63.0,Entire home/apt,10.0
2.21291,41.40308,Modern Beachside Apartment with Balcony,Spain,90.0,Entire home/apt,10.0
2.14449,41.39264,Luxury Apartment Diagonal (very sunny),Spain,75.0,Entire home/apt,10.0
2.17623,41.3921,SEALONA CENTER III,Spain,130.0,Entire home/apt,10.0
2.1524,41.37977,Romantic one bedroom apartment in Eixample,Spain,100.0,Entire home/apt,9.0
2.15962,41.39244,Bright and comfortable 1 bedroom apartment,Spain,159.0,Entire home/apt,9.0
2.15942,41.41089,Bright lovely apartment in Gracia with balcony,Spain,125.0,Entire home/apt,8.0
2.1633,41.392,Stylish apartment A in city center,Spain,145.0,Entire home/apt,10.0
2.15307,41.3866,Nuevo espacioso apartamento en BCN,Spain,320.0,Entire home/apt,8.0
2.17481,41.39243,"Stylish, spacious, central, shared rooftop terrace",Spain,129.0,Entire home/apt,9.0
2.19006,41.37787,SM71 - 1 minute from beach - 2-bedroom - balcony,Spain,38.0,Entire home/apt,10.0
2.14759,41.35324,White House,Spain,230.0,Entire home/apt,9.0
2.18198,41.38189,Boqueria - Cosy studio in Born,Spain,76.0,Entire home/apt,10.0
2.16589,41.39002,"Luxurious, bright, spacious Plaza Catalunya",Spain,200.0,Entire home/apt,9.0
2.17532,41.38977,Beautiful apartment by Pl Catalunya,Spain,130.0,Entire home/apt,9.0
2.17648,41.41089,Apartamento familiar a estrenar,Spain,100.0,Entire home/apt,9.0
2.14969,41.39367,ONE BEDROOM DIAGONAL,Spain,195.0,Entire home/apt,8.0
2.17518,41.37998,CHARMING APARTMENT in PLAÇA REIAL-HUTB (Phone number hidden by Airbnb),Spain,150.0,Entire home/apt,9.0
2.18864,41.3815,"SM8 - Serenity Beach - 2 Bedroom, Dressing Room",Spain,38.0,Entire home/apt,10.0
2.19013,41.40625,"Glorias:Sagrada Familia 15minutes, Beach 20minutes",Spain,85.0,Entire home/apt,9.0
2.1644,41.38926,"Stylish, central, bright, AC, Rambla Catalunya!",Spain,599.0,Entire home/apt,9.0
2.16296,41.37339,Tapioles Triplex Apartment,Spain,209.0,Entire home/apt,8.0
2.15555,41.39696,Nice apartment for design lovers. Great terrace.,Spain,101.0,Entire home/apt,10.0
2.17178,41.40631,Beautiful Apartment Sagrada Familia SPB332388,Spain,60.0,Entire home/apt,9.0
2.17377,41.37333,CITY CENTER FLAT WITH VIEW TERRACE,Spain,59.0,Entire home/apt,9.0
2.16651,41.37247,Cozy Split Level Home with Exposed Brick Walls,Spain,110.0,Entire home/apt,9.0
2.17934,41.38052,What a place in Barcelona in the center,Spain,43.0,Entire home/apt,9.0
2.17784,41.40775,Sagrada Familia Gaudi,Spain,60.0,Entire home/apt,9.0
2.16365,41.39012,The Central Place VI,Spain,242.0,Entire home/apt,10.0
2.1734,41.40151,Sunny apartment in Sagrada Familia,Spain,98.0,Entire home/apt,9.0
2.2045,41.3978,Experience Local Living in Well-Connected Beach Retreat,Spain,50.0,Entire home/apt,9.0
2.16745,41.39611,Modernist apartment principal,Spain,268.0,Entire home/apt,8.0
2.18146,41.41484,PRIVATE ROOFTOP WITH VIEWS,Spain,55.0,Entire home/apt,9.0
2.17427,41.3953,Gran Via De Luxe 5* DaysinBarcelona,Spain,494.0,Entire home/apt,9.0
2.16747,41.40354,Modern refurbished flat in Gracia,Spain,150.0,Entire home/apt,10.0
2.17724,41.40955,Sagrada Familia Butterfly,Spain,108.0,Entire home/apt,9.0
2.17109,41.38767,"2427 - AB Plaça Catalunya 3-4 - Luxury 2-Bedroom Apartment, Steps from Plaça de Catalunya",Spain,500.0,Entire home/apt,8.0
2.1805,41.38044,"Dali IV, Friendly Rentals",Spain,60.0,Entire home/apt,8.0
2.17062,41.38947,"Plaza Catalunya V, Friendly Rentals",Spain,99.0,Entire home/apt,9.0
2.16481,41.37671,Apartment next to Las Ramblas and Paral·lel,Spain,60.0,Entire home/apt,8.0
2.15576,41.3856,2294 - AB Aragó Apartment 2-C - Central Apartment with a Communal Terrace in Eixample,Spain,500.0,Entire home/apt,8.0
2.20132,41.39454,MAR 402 Tres habitaciones junto a la Playa,Spain,400.0,Entire home/apt,9.0
2.16414,41.39654,"Caliu, Friendly Rentals",Spain,165.0,Entire home/apt,9.0
2.17611,41.37962,Nice apartment in Plaça Reial for long stay,Spain,60.0,Entire home/apt,9.0
2.15649,41.38545,2295 - AB Aragó Apartment2-D - Sleek Apartment with a Communal Terrace in Eixample,Spain,450.0,Entire home/apt,9.0
2.18081,41.38741,Sunny Born with Balcony,Spain,90.0,Entire home/apt,8.0
2.14977,41.39483,Big 4 Bedroom~,Spain,200.0,Entire home/apt,9.0
2.19151,41.38024,Beautiful Flat with Private Terrace in Barceloneta,Spain,55.0,Entire home/apt,10.0
2.15476,41.379,"CALABRIA, central, large, 4 bedrooms",Spain,92.0,Entire home/apt,9.0
2.15653,41.41861,2458 - AB Park Güell Apartment 4-3 - Wonderful 3-Bedroom Apartment near Park Güell with a Balcony,Spain,350.0,Entire home/apt,8.0
2.17851,41.40943,One-Bedroom Apartment with Balcony,Spain,75.0,Entire home/apt,8.0
2.1724,41.40648,Hermoso Apartamento SPBP22388,Spain,70.0,Entire home/apt,9.0
2.16073,41.39542,Atico en Paseo de Gracia,Spain,106.0,Entire home/apt,8.0
2.15816,41.38974,MODERNIST AND LUXURIOUS FLAT IN IDYLLIC LOCATION,Spain,74.0,Entire home/apt,9.0
2.1588,41.38829,Beautiful apartment in the center,Spain,100.0,Entire home/apt,10.0
2.17489,41.38391,Bright & Charming loft in the Gothic Quarter,Spain,46.0,Entire home/apt,9.0
2.16837,41.37295,Brand new Poble Sec design flat next to Montjuïc,Spain,15.0,Entire home/apt,9.0
2.16478,41.37105,Apartment Salva - 3 bedroom in Poble Sec,Spain,46.0,Entire home/apt,10.0
2.15648,41.41896,2447 - AB Park Güell Apartment 1-1 - Elegant 4-Bedroom Apartment near Park Güell with a Balcony,Spain,550.0,Entire home/apt,9.0
2.1539,41.39584,One bedroom apartment,Spain,125.0,Entire home/apt,10.0
2.15994,41.39379,Chic & Fashion. EIXAMPLE.,Spain,53.0,Entire home/apt,9.0
2.17156,41.39427,Lovely 2bed/3bath in the heart of Eixample,Spain,75.0,Entire home/apt,9.0
2.18482,41.39895,Sagrada Familia-auditorium. FREE WI-FI.,Spain,69.0,Entire home/apt,9.0
2.15567,41.37236,Amplio y luminoso.,Spain,60.0,Entire home/apt,10.0
2.1717,41.38569,Stylish apartment in the heart of Gothic area,Spain,111.0,Entire home/apt,7.0
2.18891,41.3751,Top Duplex at Barcelona Beach,Spain,175.0,Entire home/apt,9.0
2.18237,41.38264,"Elegant studio in old town Barcelona, El Gothic",Spain,58.0,Entire home/apt,10.0
2.21819,41.41356,Lovely and modern apartment.,Spain,27.0,Entire home/apt,9.0
2.17371,41.40764,Large flat in Sagrada Familia private garden.6 pax,Spain,53.0,Entire home/apt,9.0
2.17781,41.37897,GOTHIC RAMBLAS 2 APARTMENT,Spain,67.0,Entire home/apt,8.0
2.15801,41.3984,Amazing Loft in BCN Center (B0132),Spain,108.0,Entire home/apt,10.0
2.17039,41.37302,Studio with Terrace next to Rambla and Monjuic,Spain,100.0,Entire home/apt,9.0
2.13707,41.37615,HOMEnFUN Sants close to the Train station,Spain,52.0,Entire home/apt,7.0
2.16127,41.39879,Luminous dúplex apartment in Gracia district,Spain,150.0,Entire home/apt,7.0
2.15002,41.38031,Plaza España Apartment,Spain,100.0,Entire home/apt,8.0
2.16834,41.37236,Beautiful interior designed flat in Montjüic,Spain,25.0,Entire home/apt,7.0
2.13676,41.38121,Vibrant Flat with Rooftop Terrace and City Views,Spain,90.0,Entire home/apt,10.0
2.13911,41.40216,Barcelona Apartment Sarrià Pedralbes,Spain,75.0,Entire home/apt,9.0
2.1645,41.37343,Art Gallery Apartment 2B,Spain,90.0,Entire home/apt,9.0
2.21403,41.40434,1405 - LUXURY BEACH TERRACE APARTME,Spain,750.0,Entire home/apt,9.0
2.16658,41.37282,Stylish 1 bed flat with balcony in Montjüic,Spain,15.0,Entire home/apt,9.0
2.16033,41.37128,Atic with great views,Spain,120.0,Entire home/apt,10.0
2.16375,41.37956,Bonito y cómodo loft en el centro,Spain,100.0,Entire home/apt,9.0
2.162,41.38621,Comfort Luxury center apartment,Spain,100.0,Entire home/apt,9.0
2.15849,41.40913,Remodeled penthouse in Gracia *Bcn*,Spain,140.0,Entire home/apt,9.0
2.16855,41.37393,1921 - AB Paral·lel Apartment A - Contemporary Penthouse with a Private Terrace,Spain,470.0,Entire home/apt,8.0
2.12439,41.37454,CAMP NOU MUNNE 2-2 APARTMENT,Spain,75.0,Entire home/apt,9.0
2.18094,41.38717,Beautiful and bright flat in Born Barcelona,Spain,67.0,Entire home/apt,10.0
2.14344,41.37483,Plaza two bedroom apartment,Spain,80.0,Entire home/apt,9.0
2.15565,41.37386,Lovely Apartment in the heart of Barcelona.,Spain,98.0,Entire home/apt,9.0
2.17542,41.42309,Apartment Eduardo,Spain,180.0,Entire home/apt,9.0
2.17762,41.40782,"Bright 1 bedroom, Sagrada Familia, long term¦",Spain,100.0,Entire home/apt,9.0
2.16192,41.38878,COZY APARTMENT II,Spain,34.0,Entire home/apt,9.0
2.13539,41.38778,Awesome apartment & amazing terrace! HUTB-012684,Spain,180.0,Entire home/apt,9.0
2.17461,41.42355,1889 - AB Montserrat Comfort Apartment 4 -1 - Comfortable 2-Bedroom Apartment with a Balcony in a Quiet Neighbourhood,Spain,55.0,Entire home/apt,10.0
2.13862,41.40219,Excellent Duplex in Sarrià with Private Pool,Spain,110.0,Entire home/apt,9.0
2.16187,41.39228,Batllo Apartment Barcelona,Spain,85.0,Entire home/apt,10.0
2.17745,41.38273,Studio located in the best part of the city,Spain,110.0,Entire home/apt,9.0
2.15491,41.40252,Stylish design 1 bed in the heart of Gracia,Spain,25.0,Entire home/apt,9.0
2.16739,41.39268,Barcelona Super Central Apartment,Spain,82.0,Entire home/apt,10.0
2.15611,41.37384,BARCELONA FIRA FAMILY,Spain,83.0,Entire home/apt,9.0
2.20727,41.39763,UD Rambla Suites  Pool 27 (2 BR),Spain,175.0,Entire home/apt,9.0
2.16311,41.37766,Comfortable Apartment Sant Antoni area for months,Spain,45.0,Entire home/apt,10.0
2.19552,41.39343,2379 - AB Vila Olimpica - Icaria Apartment - Bright and modern apartment with amazing pool in Vila Olímpica,Spain,80.0,Entire home/apt,9.0
2.1586,41.38186,2378 - AB Casa Farreras A - Amazing 1-bedroom Apartment with a Private Terrace,Spain,100.0,Entire home/apt,9.0
2.16011,41.40502,Terrace and pool apartment near the Barcelona,Spain,110.0,Entire home/apt,9.0
2.16088,41.39817,2541 - AB GRACIA SPACIOUS - Apartment for 4 with private terrace in Gràcia,Spain,70.0,Entire home/apt,9.0
2.19012,41.38033,2633 - AB Barceloneta - Artistic Style Apartment - Beachside apartment for 2 with balcony and WiFi,Spain,60.0,Entire home/apt,9.0
2.17574,41.40557,ABSOLUTE SAGRADA FAMILIA 2,Spain,115.0,Entire home/apt,10.0
2.15482,41.38046,WONDERFUL APARTMENT NEAR PASEO DE GRACIA,Spain,80.0,Entire home/apt,9.0
2.15076,41.4069,Design apartment with amazing views,Spain,75.0,Entire home/apt,9.0
2.17051,41.39397,Paseo de Gracia Apartment 4 3,Spain,90.0,Entire home/apt,9.0
2.1788,41.40387,Sagrada Familia up to 6!!,Spain,50.0,Entire home/apt,9.0
2.18163,41.4073,Eixample Dret València Cartagena,Spain,71.0,Entire home/apt,8.0
2.17445,41.3973,Precioso Apartamento en Barcelona *Bcn* C02,Spain,150.0,Entire home/apt,9.0
2.15466,41.37391,Plaza Espanya,Spain,70.0,Entire home/apt,7.0
2.1737,41.3846,Cozy Apartment Las Ramblas,Spain,45.0,Entire home/apt,10.0
2.17372,41.39858,Precioso Estudio en Barcelona *Bcn* C01,Spain,72.0,Entire home/apt,10.0
2.16664,41.39064,ON Passeig de Gràcia LUXURY 2BR TERRACE&concierge,Spain,160.0,Entire home/apt,9.0
2.13589,41.40416,ruhige Wohnung mit WLAN in Barcelona,Spain,59.0,Entire home/apt,9.0
2.19103,41.39184,Vila Olímpica Sant Martí - Sardenya,Spain,103.0,Entire home/apt,9.0
2.13627,41.37637,Barcelona Just Like Home - Green,Spain,120.0,Entire home/apt,9.0
2.14504,41.40303,New! Bright 2bed easily connected to the center,Spain,94.0,Entire home/apt,9.0
2.16417,41.39902,"GRACIA SUITE, cozy 1 bedroom apt, great location",Spain,49.0,Entire home/apt,8.0
2.14544,41.37094,Piso 3 habitaciones con encanto en Fuente Mágica,Spain,80.0,Entire home/apt,9.0
2.21416,41.40968,"Terrace, sea view at Diagonal Mar!",Spain,190.0,Entire home/apt,10.0
2.1749,41.40102,GAUDI:50 m from the Sagrada Familia,Spain,80.0,Entire home/apt,9.0
2.1747,41.39243,Exquisite apt. Open space and plently of light,Spain,150.0,Entire home/apt,10.0
2.1663,41.38394,RAMBLAS 1,Spain,100.0,Entire home/apt,7.0
2.17557,41.38123,Las Ramblas Penthouse Apartment,Spain,130.0,Entire home/apt,10.0
2.17855,41.38164,Gignas Studio Apartment,Spain,41.0,Entire home/apt,9.0
2.17331,41.39985,DUPLEX DELUX APARTMENT SAGRADA FAMILIA,Spain,55.0,Entire home/apt,9.0
2.17539,41.38126,On The Ramblas 5 Studio Apartment,Spain,80.0,Entire home/apt,8.0
2.15063,41.40447,Enchanted Gràcia Loft with a Patio,Spain,129.0,Entire home/apt,9.0
2.20117,41.40255,Blackandwhitehome Poble Nou Attic I,Spain,135.0,Entire home/apt,9.0
2.17552,41.37998,On The Ramblas 4 Studio Apartment,Spain,80.0,Entire home/apt,8.0
2.16624,41.38319,"2641 - AB Premium Old Town E-2 - Modern, 2-bedroom Old Town apartment close to Las Ramblas and Plaça de Catalunya",Spain,63.0,Entire home/apt,9.0
2.19483,41.3942,"Sunny and spacious loft, close to beach",Spain,85.0,Entire home/apt,10.0
2.17636,41.40547,Piso de lujo en Sagrada Familia,Spain,79.0,Entire home/apt,9.0
2.18089,41.39684,Vintage apartment,Spain,100.0,Entire home/apt,9.0
2.17585,41.38406,Smart Studio next to El Born,Spain,40.0,Entire home/apt,9.0
2.14007,41.41128,Charmy 3 bedrooms apartment in Sarrià-Sant Gervasi,Spain,35.0,Entire home/apt,9.0
2.14352,41.38702,"Cozy seasonal apartment in  Eixample, city center.",Spain,120.0,Entire home/apt,9.0
2.17736,41.41175,Hospital Sant Pau Apartamento 2 habitaciones,Spain,55.0,Entire home/apt,9.0
2.14098,41.38121,Cute Eixample Apartment.  HUTB-005692,Spain,130.0,Entire home/apt,9.0
2.1386,41.39382,"Privacidad, silencio, buena comunicación...",Spain,30.0,Entire home/apt,10.0
2.17146,41.39603,2714 - AB Girona Apartment 41 - Stylish Apartment for up to 7 guests in Eixample with a Balcony,Spain,700.0,Entire home/apt,8.0
2.17096,41.39726,2675 - AB Bailen Apartment 3.1 - Modern 2-bedroom Apartment in Eixample with a balcony,Spain,600.0,Entire home/apt,8.0
2.16562,41.39629,2 Luxury bedroom apartment,Spain,200.0,Entire home/apt,9.0
2.17282,41.40669,FANTASTIC APARTMENT SAGRADA FAMILIA,Spain,95.0,Entire home/apt,9.0
2.13978,41.38432,"1 bedroom apartment + sofa bed, balcony.",Spain,90.0,Entire home/apt,9.0
2.15486,41.37889,Open Wall.Gran Vía 2.Renov 2015,Spain,68.0,Entire home/apt,9.0
2.1731,41.38104,antiguo loft-barna,Spain,78.0,Entire home/apt,9.0
2.17403,41.37412,×× BARCELONA RAMBLAS PLAZA REAL ××,Spain,39.0,Entire home/apt,9.0
2.16822,41.3919,Superior Apartment Passeig de Gracia with Views,Spain,290.0,Entire home/apt,9.0
2.1674,41.4008,Beautiful apartment in the city centre of BCN!!!,Spain,80.0,Entire home/apt,10.0
2.17659,41.4092,Nice and cozy apartment in Sagrada Familia.,Spain,120.0,Entire home/apt,10.0
2.15338,41.37955,Newly renovated apartment in Barcelona Eixample,Spain,69.0,Entire home/apt,9.0
2.19629,41.40417,Light Loft | Walk to the Beach | Free Parking,Spain,99.0,Entire home/apt,9.0
2.17401,41.39924,Modernist flat close to the Sagrada Familia,Spain,140.0,Entire home/apt,9.0
2.17815,41.39668,Loft Duplex Barcelona,Spain,250.0,Entire home/apt,9.0
2.16058,41.41072,Acogedor apartamento con vistas a toda Barcelona,Spain,40.0,Entire home/apt,9.0
2.14949,41.39934,Lovely and Modern 3-Bed Apartment in Lesseps,Spain,75.0,Entire home/apt,9.0
2.18134,41.39377,"Loft in Arc de Triomf Barcelona with terrace, pool",Spain,150.0,Entire home/apt,9.0
2.17271,41.3777,ELEGANT APARTMENT CLOSE TO RAMBLAS,Spain,65.0,Entire home/apt,9.0
2.15734,41.39161,Grace 1 - Habitat Apartments,Spain,292.0,Entire home/apt,9.0
2.17543,41.40619,Gaudí - Sagrada Familia,Spain,105.0,Entire home/apt,9.0
2.16621,41.37133,1tnf SUPER GREAT LOCATION IN BARCELONA!!!,Spain,90.0,Entire home/apt,8.0
2.19069,41.45017,3-Bedroom Apartment With Big Terrace,Spain,41.0,Entire home/apt,9.0
2.17506,41.39353,Appartement de 125m2 lumineux et calme,Spain,220.0,Entire home/apt,9.0
2.20247,41.40666,Sunny Attic with Pool and Terrace near the Beach!,Spain,99.0,Entire home/apt,9.0
2.14545,41.42249,Welcome to tranquility!,Spain,30.0,Entire home/apt,10.0
2.17619,41.4105,Cozy 3bed/2bath w/balcony close to Sagrada Familia,Spain,85.0,Entire home/apt,7.0
2.1558,41.40354,Nice stay in Gracia,Spain,60.0,Entire home/apt,10.0
2.15829,41.38622,Eixample Apartamento En Barcelona 4 2,Spain,53.0,Entire home/apt,9.0
2.17189,41.3935,Lujoso apartamento ideal familias (8 pax),Spain,1240.0,Entire home/apt,9.0
2.21568,41.41098,Fiona,Spain,47.0,Entire home/apt,9.0
2.1723,41.40404,Tucson Suites,Spain,85.0,Entire home/apt,9.0
2.16948,41.39093,Deluxe 2 Bedroom Apartment in the Eixample District in lovely Barcelona!,Spain,149.0,Entire home/apt,8.0
2.14553,41.37978,Apartment Eixample Sants Station,Spain,50.0,Entire home/apt,10.0
2.16603,41.37575,Sunny penthouse with Parking,Spain,75.0,Entire home/apt,9.0
2.17374,41.40361,One Bedroom Apartment (4pers) near Sagrada Familia,Spain,219.0,Entire home/apt,10.0
2.13918,41.37656,Happy People Plaza España - 4 bedroom (3),Spain,250.0,Entire home/apt,9.0
2.17219,41.40276,"sf21 YES, VERY CLOSE TO LA SAGRADA FAMILIA AND ...",Spain,76.0,Entire home/apt,9.0
2.17398,41.39148,Large two bedroom apartment,Spain,130.0,Entire home/apt,9.0
2.16004,41.40437,City centre loft with rooftop pool and terrace,Spain,150.0,Entire home/apt,9.0
2.20393,41.40783,Poblenou Comfort por meses,Spain,80.0,Entire home/apt,9.0
2.17801,41.38826,"Newly renovated studio, trendy borne area, terrace",Spain,95.0,Entire home/apt,9.0
2.19637,41.40491,Tanger Jazz Pool and Beach,Spain,150.0,Entire home/apt,9.0
2.13564,41.37356,Studio 12 square meters(penthouse),Spain,45.0,Entire home/apt,9.0
2.15117,41.38058,Smart Luxury KissMe 2BR balcony,Spain,129.0,Entire home/apt,9.0
2.1397,41.37468,Happy People Plaza España Suite 2/4 People,Spain,3000.0,Entire home/apt,9.0
2.15624,41.38629,Gorgeous flat 4bed 5min to tube in lovely Eixample,Spain,115.0,Entire home/apt,9.0
2.17448,41.3826,Casa Cosi - Gotico,Spain,160.0,Entire home/apt,8.0
2.1295,41.38418,Family Duplex 2Adults+2Children Steps From Subway Station in BCN Center,Spain,80.0,Entire home/apt,9.0
2.21544,41.40442,"In front of the sea, terrace close Congress center",Spain,330.0,Entire home/apt,8.0
2.17424,41.40953,Eric Vökel Boutique Apartments - Sagrada Familia Suites - 2 Bedroom 2 Bathrooms Apartment,Spain,140.0,Entire home/apt,10.0
2.13371,41.37108,Acogedor loft en Barcelona,Spain,70.0,Entire home/apt,9.0
2.1254,41.37547,Apartment For Rent Near Camp Nou,Spain,105.0,Entire home/apt,8.0
2.17628,41.38043,2-bedroom apartment in the Old Town,Spain,46.0,Entire home/apt,9.0
2.21503,41.40385,Luxury 2 bedroom apartment infront of the beach,Spain,72.0,Entire home/apt,9.0
2.1767,41.38028,Perfectly located 2-bedroom place near Ramblas,Spain,46.0,Entire home/apt,9.0
2.17625,41.38806,Piso muy grande con 6 habitaciones en el centro,Spain,168.0,Entire home/apt,9.0
2.17143,41.37435,"1Family Vacation Suite RAMBL Street, Port of Colom",Spain,45.0,Entire home/apt,9.0
2.14932,41.37821,Penthouse 3 bedrooms apartment B376,Spain,262.0,Entire home/apt,10.0
2.12923,41.38724,AMAZING PENTHOUSE IN BARCELONA,Spain,56.0,Entire home/apt,9.0
2.17797,41.39271,Barcelona - Urquinaona,Spain,300.0,Entire home/apt,9.0
2.15168,41.4073,Family Apartment with Balcony in Gracia - 1821,Spain,200.0,Entire home/apt,9.0
2.17803,41.37924,Modern & Cosy 3BD in Ramblas *Balcony,Spain,120.0,Entire home/apt,8.0
2.16619,41.38539,CENTRAL APARTMENT 1min to RAMBLAS,Spain,150.0,Entire home/apt,9.0
2.15006,41.43322,Ideal apartment for families. With gorgeous views,Spain,40.0,Entire home/apt,9.0
2.16757,41.37354,Hortes: Acogedor studio/apartamento en Poble Sec,Spain,32.0,Entire home/apt,9.0
2.19708,41.38937,Olympic Port apartments,Spain,600.0,Entire home/apt,9.0
2.1781,41.38016,× BARCELONA RAMBLAS PLAZA REAL ×,Spain,39.0,Entire home/apt,9.0
2.16075,41.39643,BCN Duplex Sagrada Familia,Spain,129.0,Entire home/apt,9.0
2.1529,41.38684,Modern One Bedroom Apartment in Eixample Area B142,Spain,197.0,Entire home/apt,9.0
2.17597,41.40204,SWEET HOME NEXT TO SAGRADA FAMILIA,Spain,50.0,Entire home/apt,9.0
2.17357,41.38985,ROMANTIC Apartment WIFI in center,Spain,120.0,Entire home/apt,9.0
2.16881,41.38484,Recién Re1 Apart delS.18 Núcleo Bcn,Spain,89.0,Entire home/apt,10.0
2.17647,41.3811,¤¤Barrio Gótico de Barcelona,Spain,39.0,Entire home/apt,8.0
2.1438,41.37945,Big apartment by Barcelona's main train station,Spain,120.0,Entire home/apt,10.0
2.14329,41.3712,BCN Duplex Mirò Monthly,Spain,89.0,Entire home/apt,9.0
2.15819,41.37534,Cozy & central apartment in the heart of Barcelona,Spain,150.0,Entire home/apt,9.0
2.17234,41.39896,Principito Apartment w/2 Ensuite Bathrooms,Spain,127.0,Entire home/apt,10.0
2.16005,41.41757,Romantic and quiet apartment with Air Conditioning,Spain,80.0,Entire home/apt,9.0
2.16945,41.37182,Happy people Ramblas Harbour 3 bedrooms appartment for 3 people,Spain,300.0,Entire home/apt,9.0
2.16177,41.39261,Quality in the town of the city,Spain,400.0,Entire home/apt,10.0
2.12294,41.37128,SUNNY APARTMENT FIRA BARCELONA CAMP NOU,Spain,80.0,Entire home/apt,9.0
2.18268,41.40101,Autèntic Monumental 32,Spain,550.0,Entire home/apt,10.0
2.17632,41.38992,Apartment in the heart of Barcelona,Spain,150.0,Entire home/apt,10.0
2.13334,41.36739,GENIAL APARTAMENTO EN SANTS (BHM2-3564),Spain,57.0,Entire home/apt,9.0
2.16326,41.39322,city center apartament in luxury neigborhood,Spain,37.0,Entire home/apt,9.0
2.1697,41.39779,The Balcony Apartment,Spain,130.0,Entire home/apt,9.0
2.16248,41.37143,Cozy Apartment on Sortidor Square,Spain,96.0,Entire home/apt,9.0
2.14369,41.37684,Amazing Duplex with Big Terrace *4BD,Spain,150.0,Entire home/apt,9.0
2.18216,41.41233,2-2 Design apartment close to sagrada familia,Spain,42.0,Entire home/apt,9.0
2.16624,41.38972,NEW! Piso Premium en Ps de Gracia!,Spain,60.0,Entire home/apt,10.0
2.17583,41.37649,Cute apart with terrace Downtown !,Spain,128.0,Entire home/apt,9.0
2.15114,41.39751,LetsgoBarcelona Diagonal Ave. Duplex,Spain,100.0,Entire home/apt,8.0
2.17517,41.40227,MONTHLY COZY SUNNY - SAGRADA FAM.,Spain,25.0,Entire home/apt,9.0
2.15593,41.40772,Orange tree View flat with patio,Spain,97.0,Entire home/apt,10.0
2.18061,41.42255,Lovely Penthouse in Barcelona,Spain,140.0,Entire home/apt,9.0
2.14731,41.37872,Loft Miro,Spain,96.0,Entire home/apt,9.0
2.15241,41.38763,pb2 IDEAL LOCATION! WITH TERRACE CHARMING & QUIET!,Spain,70.0,Entire home/apt,9.0
2.17556,41.39651,New and central apartment up to 4!,Spain,75.0,Entire home/apt,9.0
2.16373,41.39035,Casa Batlló views! Central apartment¦,Spain,705.0,Entire home/apt,9.0
2.1705,41.40248,Sagrada Familia up to 6,Spain,90.0,Entire home/apt,9.0
2.18867,41.38192,ENTIRE BUILDING in the City Center/Beach,Spain,135.0,Entire home/apt,9.0
2.1465,41.40914,Spectacular Modern Uptown Duplex,Spain,175.0,Entire home/apt,10.0
2.16621,41.4075,Stylish Flat in BCN city center,Spain,85.0,Entire home/apt,9.0
2.16651,41.37365,Centric apart perfect familes 1.1,Spain,125.0,Entire home/apt,9.0
2.15756,41.40742,Charming apartment in Gracia,Spain,50.0,Entire home/apt,9.0
2.19155,41.39222,2 BedRooms Apartment with Terrace #1,Spain,300.0,Entire home/apt,8.0
2.1703,41.40799,Charming stylish loft  - Sagrada familia,Spain,45.0,Entire home/apt,9.0
2.15111,41.39275,MODERN APART. IN THE CENTER - 3 BEDROOM- BLANCA,Spain,200.0,Entire home/apt,9.0
2.17798,41.39824,51 Sicilia Apartment 2 bedrooms,Spain,999.0,Entire home/apt,8.0
2.16612,41.38817,Contemporary Loft near Plaza Cat.Sleeps 4- Coli 54,Spain,80.0,Entire home/apt,9.0
2.12422,41.3748,Nice apartment near Camp Nou - A/C and Wifi,Spain,45.0,Entire home/apt,9.0
2.17081,41.40506,Sagrada Familia area for 12 people,Spain,300.0,Entire home/apt,9.0
2.16236,41.39078,EIXAMPLE DELIGHT - Cozy & Bright Apartment,Spain,115.0,Entire home/apt,9.0
2.16375,41.40076,QUIET AND COMFY 2BD WIFI GRACIA,Spain,125.0,Entire home/apt,7.0
2.14824,41.39453,Rambutan - Only 8min. walking from Paseo de Gracia,Spain,188.0,Entire home/apt,9.0
2.15484,41.37964,PISO MODERNO EN EL EIXAMPLE,Spain,132.0,Entire home/apt,10.0
2.16502,41.4,Pablo house,Spain,54.0,Entire home/apt,9.0
2.15958,41.38426,pid MODERN 1 BED FLAT NEXT OLD TOWN,Spain,81.0,Entire home/apt,9.0
2.17199,41.40267,Estudio / Terraza P4 (S. Família) mínimo 32 NOCHES,Spain,143.0,Entire home/apt,10.0
2.16211,41.39658,D3 - Centro Ciudad / Pº de Gracia,Spain,130.0,Entire home/apt,9.0
2.17905,41.40735,Apt.cerca SagradaFamilia (4pax) SF2,Spain,105.0,Entire home/apt,8.0
2.16183,41.37471,Confortable apartment in BCN- WIFI,Spain,91.0,Entire home/apt,9.0
2.16447,41.37421,Awesome flat in the center (HUTB-014195),Spain,110.0,Entire home/apt,8.0
2.16915,41.38494,Rambla I - Plaça Catalunya,Spain,41.0,Entire home/apt,7.0
2.17086,41.39767,Beautiful Comfy Flat Valencia St A,Spain,125.0,Entire home/apt,9.0
2.17019,41.39909,Grande I Apartment on Valencia St.,Spain,222.0,Entire home/apt,9.0
2.17954,41.40542,BRAND-NEW 1 BD APT SAGRADA FAMILIA 41,Spain,115.0,Entire home/apt,9.0
2.18888,41.41069,New apartment near Sagrada Familia,Spain,85.0,Entire home/apt,10.0
2.16051,41.3816,"Dover 42, Friendly Rentals",Spain,62.0,Entire home/apt,8.0
2.18134,41.38391,Elegant flat in romantic old city,Spain,100.0,Entire home/apt,9.0
2.17178,41.39802,Elegant apartment Sagrada Familia,Spain,99.0,Entire home/apt,9.0
2.17249,41.3994,Beautiful Sagrada Familia apartment,Spain,99.0,Entire home/apt,9.0
2.16229,41.38556,"Executive cataluña 6 , 5 bedrooms",Spain,300.0,Entire home/apt,9.0
2.18125,41.38321,Estudio en el casco antiguo. Alquiler mensual,Spain,60.0,Entire home/apt,9.0
2.17304,41.38779,Frida's Centric&Stylish Studio Apt.,Spain,89.0,Entire home/apt,9.0
